"Benchmark","Mode","Threads","Samples","Score","Score Error (99.9%)","Unit","Param: cacheEntryOverhead","Param: cacheMB","Param: checksum","Param: valueSize"
"com.evolvedbinary.jnibench.jmhbench.GetFFMBenchmarkJava25.getIntoMemorySegment","sample",1,848499,113.531262,0.945641,"ns/op",1024,1,none,50
"com.evolvedbinary.jnibench.jmhbench.GetFFMBenchmarkJava25.getIntoMemorySegment:getIntoMemorySegment·p0.00","sample",1,1,0.000000,NaN,"ns/op",1024,1,none,50
"com.evolvedbinary.jnibench.jmhbench.GetFFMBenchmarkJava25.getIntoMemorySegment:getIntoMemorySegment·p0.50","sample",1,1,125.000000,NaN,"ns/op",1024,1,none,50
"com.evolvedbinary.jnibench.jmhbench.GetFFMBenchmarkJava25.getIntoMemorySegment:getIntoMemorySegment·p0.90","sample",1,1,125.000000,NaN,"ns/op",1024,1,none,50
"com.evolvedbinary.jnibench.jmhbench.GetFFMBenchmarkJava25.getIntoMemorySegment:getIntoMemorySegment·p0.95","sample",1,1,125.000000,NaN,"ns/op",1024,1,none,50
"com.evolvedbinary.jnibench.jmhbench.GetFFMBenchmarkJava25.getIntoMemorySegment:getIntoMemorySegment·p0.99","sample",1,1,125.000000,NaN,"ns/op",1024,1,none,50
"com.evolvedbinary.jnibench.jmhbench.GetFFMBenchmarkJava25.getIntoMemorySegment:getIntoMemorySegment·p0.999","sample",1,1,334.000000,NaN,"ns/op",1024,1,none,50
"com.evolvedbinary.jnibench.jmhbench.GetFFMBenchmarkJava25.getIntoMemorySegment:getIntoMemorySegment·p0.9999","sample",1,1,12160.000000,NaN,"ns/op",1024,1,none,50
"com.evolvedbinary.jnibench.jmhbench.GetFFMBenchmarkJava25.getIntoMemorySegment:getIntoMemorySegment·p1.00","sample",1,1,48576.000000,NaN,"ns/op",1024,1,none,50
"com.evolvedbinary.jnibench.jmhbench.GetFFMBenchmarkJava25.getIntoMemorySegment","sample",1,729626,152.639610,6.467974,"ns/op",1024,1,none,1024
"com.evolvedbinary.jnibench.jmhbench.GetFFMBenchmarkJava25.getIntoMemorySegment:getIntoMemorySegment·p0.00","sample",1,1,41.000000,NaN,"ns/op",1024,1,none,1024
"com.evolvedbinary.jnibench.jmhbench.GetFFMBenchmarkJava25.getIntoMemorySegment:getIntoMemorySegment·p0.50","sample",1,1,125.000000,NaN,"ns/op",1024,1,none,1024
"com.evolvedbinary.jnibench.jmhbench.GetFFMBenchmarkJava25.getIntoMemorySegment:getIntoMemorySegment·p0.90","sample",1,1,167.000000,NaN,"ns/op",1024,1,none,1024
"com.evolvedbinary.jnibench.jmhbench.GetFFMBenchmarkJava25.getIntoMemorySegment:getIntoMemorySegment·p0.95","sample",1,1,167.000000,NaN,"ns/op",1024,1,none,1024
"com.evolvedbinary.jnibench.jmhbench.GetFFMBenchmarkJava25.getIntoMemorySegment:getIntoMemorySegment·p0.99","sample",1,1,167.000000,NaN,"ns/op",1024,1,none,1024
"com.evolvedbinary.jnibench.jmhbench.GetFFMBenchmarkJava25.getIntoMemorySegment:getIntoMemorySegment·p0.999","sample",1,1,1500.000000,NaN,"ns/op",1024,1,none,1024
"com.evolvedbinary.jnibench.jmhbench.GetFFMBenchmarkJava25.getIntoMemorySegment:getIntoMemorySegment·p0.9999","sample",1,1,18312.355200,NaN,"ns/op",1024,1,none,1024
"com.evolvedbinary.jnibench.jmhbench.GetFFMBenchmarkJava25.getIntoMemorySegment:getIntoMemorySegment·p1.00","sample",1,1,1372160.000000,NaN,"ns/op",1024,1,none,1024
"com.evolvedbinary.jnibench.jmhbench.GetFFMBenchmarkJava25.getIntoMemorySegment","sample",1,833964,251.042296,1.283350,"ns/op",1024,1,none,4096
"com.evolvedbinary.jnibench.jmhbench.GetFFMBenchmarkJava25.getIntoMemorySegment:getIntoMemorySegment·p0.00","sample",1,1,42.000000,NaN,"ns/op",1024,1,none,4096
"com.evolvedbinary.jnibench.jmhbench.GetFFMBenchmarkJava25.getIntoMemorySegment:getIntoMemorySegment·p0.50","sample",1,1,209.000000,NaN,"ns/op",1024,1,none,4096
"com.evolvedbinary.jnibench.jmhbench.GetFFMBenchmarkJava25.getIntoMemorySegment:getIntoMemorySegment·p0.90","sample",1,1,333.000000,NaN,"ns/op",1024,1,none,4096
"com.evolvedbinary.jnibench.jmhbench.GetFFMBenchmarkJava25.getIntoMemorySegment:getIntoMemorySegment·p0.95","sample",1,1,334.000000,NaN,"ns/op",1024,1,none,4096
"com.evolvedbinary.jnibench.jmhbench.GetFFMBenchmarkJava25.getIntoMemorySegment:getIntoMemorySegment·p0.99","sample",1,1,375.000000,NaN,"ns/op",1024,1,none,4096
"com.evolvedbinary.jnibench.jmhbench.GetFFMBenchmarkJava25.getIntoMemorySegment:getIntoMemorySegment·p0.999","sample",1,1,2665.540000,NaN,"ns/op",1024,1,none,4096
"com.evolvedbinary.jnibench.jmhbench.GetFFMBenchmarkJava25.getIntoMemorySegment:getIntoMemorySegment·p0.9999","sample",1,1,15625.936000,NaN,"ns/op",1024,1,none,4096
"com.evolvedbinary.jnibench.jmhbench.GetFFMBenchmarkJava25.getIntoMemorySegment:getIntoMemorySegment·p1.00","sample",1,1,70656.000000,NaN,"ns/op",1024,1,none,4096
"com.evolvedbinary.jnibench.jmhbench.GetFFMBenchmarkJava25.getIntoMemorySegment","sample",1,726388,997.176788,3.369657,"ns/op",1024,1,none,16384
"com.evolvedbinary.jnibench.jmhbench.GetFFMBenchmarkJava25.getIntoMemorySegment:getIntoMemorySegment·p0.00","sample",1,1,416.000000,NaN,"ns/op",1024,1,none,16384
"com.evolvedbinary.jnibench.jmhbench.GetFFMBenchmarkJava25.getIntoMemorySegment:getIntoMemorySegment·p0.50","sample",1,1,875.000000,NaN,"ns/op",1024,1,none,16384
"com.evolvedbinary.jnibench.jmhbench.GetFFMBenchmarkJava25.getIntoMemorySegment:getIntoMemorySegment·p0.90","sample",1,1,1666.000000,NaN,"ns/op",1024,1,none,16384
"com.evolvedbinary.jnibench.jmhbench.GetFFMBenchmarkJava25.getIntoMemorySegment:getIntoMemorySegment·p0.95","sample",1,1,1666.000000,NaN,"ns/op",1024,1,none,16384
"com.evolvedbinary.jnibench.jmhbench.GetFFMBenchmarkJava25.getIntoMemorySegment:getIntoMemorySegment·p0.99","sample",1,1,1792.000000,NaN,"ns/op",1024,1,none,16384
"com.evolvedbinary.jnibench.jmhbench.GetFFMBenchmarkJava25.getIntoMemorySegment:getIntoMemorySegment·p0.999","sample",1,1,8624.000000,NaN,"ns/op",1024,1,none,16384
"com.evolvedbinary.jnibench.jmhbench.GetFFMBenchmarkJava25.getIntoMemorySegment:getIntoMemorySegment·p0.9999","sample",1,1,22167.110400,NaN,"ns/op",1024,1,none,16384
"com.evolvedbinary.jnibench.jmhbench.GetFFMBenchmarkJava25.getIntoMemorySegment:getIntoMemorySegment·p1.00","sample",1,1,296448.000000,NaN,"ns/op",1024,1,none,16384
"com.evolvedbinary.jnibench.jmhbench.GetFFMBenchmarkJava25.getIntoMemorySegment","sample",1,691582,3683.907921,20.773424,"ns/op",1024,1,none,65536
"com.evolvedbinary.jnibench.jmhbench.GetFFMBenchmarkJava25.getIntoMemorySegment:getIntoMemorySegment·p0.00","sample",1,1,2080.000000,NaN,"ns/op",1024,1,none,65536
"com.evolvedbinary.jnibench.jmhbench.GetFFMBenchmarkJava25.getIntoMemorySegment:getIntoMemorySegment·p0.50","sample",1,1,2832.000000,NaN,"ns/op",1024,1,none,65536
"com.evolvedbinary.jnibench.jmhbench.GetFFMBenchmarkJava25.getIntoMemorySegment:getIntoMemorySegment·p0.90","sample",1,1,5536.000000,NaN,"ns/op",1024,1,none,65536
"com.evolvedbinary.jnibench.jmhbench.GetFFMBenchmarkJava25.getIntoMemorySegment:getIntoMemorySegment·p0.95","sample",1,1,5536.000000,NaN,"ns/op",1024,1,none,65536
"com.evolvedbinary.jnibench.jmhbench.GetFFMBenchmarkJava25.getIntoMemorySegment:getIntoMemorySegment·p0.99","sample",1,1,5872.000000,NaN,"ns/op",1024,1,none,65536
"com.evolvedbinary.jnibench.jmhbench.GetFFMBenchmarkJava25.getIntoMemorySegment:getIntoMemorySegment·p0.999","sample",1,1,17997.344000,NaN,"ns/op",1024,1,none,65536
"com.evolvedbinary.jnibench.jmhbench.GetFFMBenchmarkJava25.getIntoMemorySegment:getIntoMemorySegment·p0.9999","sample",1,1,48649.638400,NaN,"ns/op",1024,1,none,65536
"com.evolvedbinary.jnibench.jmhbench.GetFFMBenchmarkJava25.getIntoMemorySegment:getIntoMemorySegment·p1.00","sample",1,1,3416064.000000,NaN,"ns/op",1024,1,none,65536
"com.evolvedbinary.jnibench.jmhbench.GetFFMBenchmarkJava25.getIntoMemorySegment","sample",1,573440,177.992927,2.162028,"ns/op",1024,1,copyout,50
"com.evolvedbinary.jnibench.jmhbench.GetFFMBenchmarkJava25.getIntoMemorySegment:getIntoMemorySegment·p0.00","sample",1,1,0.000000,NaN,"ns/op",1024,1,copyout,50
"com.evolvedbinary.jnibench.jmhbench.GetFFMBenchmarkJava25.getIntoMemorySegment:getIntoMemorySegment·p0.50","sample",1,1,125.000000,NaN,"ns/op",1024,1,copyout,50
"com.evolvedbinary.jnibench.jmhbench.GetFFMBenchmarkJava25.getIntoMemorySegment:getIntoMemorySegment·p0.90","sample",1,1,250.000000,NaN,"ns/op",1024,1,copyout,50
"com.evolvedbinary.jnibench.jmhbench.GetFFMBenchmarkJava25.getIntoMemorySegment:getIntoMemorySegment·p0.95","sample",1,1,333.000000,NaN,"ns/op",1024,1,copyout,50
"com.evolvedbinary.jnibench.jmhbench.GetFFMBenchmarkJava25.getIntoMemorySegment:getIntoMemorySegment·p0.99","sample",1,1,625.000000,NaN,"ns/op",1024,1,copyout,50
"com.evolvedbinary.jnibench.jmhbench.GetFFMBenchmarkJava25.getIntoMemorySegment:getIntoMemorySegment·p0.999","sample",1,1,2124.000000,NaN,"ns/op",1024,1,copyout,50
"com.evolvedbinary.jnibench.jmhbench.GetFFMBenchmarkJava25.getIntoMemorySegment:getIntoMemorySegment·p0.9999","sample",1,1,18665.977600,NaN,"ns/op",1024,1,copyout,50
"com.evolvedbinary.jnibench.jmhbench.GetFFMBenchmarkJava25.getIntoMemorySegment:getIntoMemorySegment·p1.00","sample",1,1,184064.000000,NaN,"ns/op",1024,1,copyout,50
"com.evolvedbinary.jnibench.jmhbench.GetFFMBenchmarkJava25.getIntoMemorySegment","sample",1,870400,238.837098,1.476301,"ns/op",1024,1,copyout,1024
"com.evolvedbinary.jnibench.jmhbench.GetFFMBenchmarkJava25.getIntoMemorySegment:getIntoMemorySegment·p0.00","sample",1,1,41.000000,NaN,"ns/op",1024,1,copyout,1024
"com.evolvedbinary.jnibench.jmhbench.GetFFMBenchmarkJava25.getIntoMemorySegment:getIntoMemorySegment·p0.50","sample",1,1,208.000000,NaN,"ns/op",1024,1,copyout,1024
"com.evolvedbinary.jnibench.jmhbench.GetFFMBenchmarkJava25.getIntoMemorySegment:getIntoMemorySegment·p0.90","sample",1,1,333.000000,NaN,"ns/op",1024,1,copyout,1024
"com.evolvedbinary.jnibench.jmhbench.GetFFMBenchmarkJava25.getIntoMemorySegment:getIntoMemorySegment·p0.95","sample",1,1,417.000000,NaN,"ns/op",1024,1,copyout,1024
"com.evolvedbinary.jnibench.jmhbench.GetFFMBenchmarkJava25.getIntoMemorySegment:getIntoMemorySegment·p0.99","sample",1,1,709.000000,NaN,"ns/op",1024,1,copyout,1024
"com.evolvedbinary.jnibench.jmhbench.GetFFMBenchmarkJava25.getIntoMemorySegment:getIntoMemorySegment·p0.999","sample",1,1,1666.000000,NaN,"ns/op",1024,1,copyout,1024
"com.evolvedbinary.jnibench.jmhbench.GetFFMBenchmarkJava25.getIntoMemorySegment:getIntoMemorySegment·p0.9999","sample",1,1,18430.716800,NaN,"ns/op",1024,1,copyout,1024
"com.evolvedbinary.jnibench.jmhbench.GetFFMBenchmarkJava25.getIntoMemorySegment:getIntoMemorySegment·p1.00","sample",1,1,95744.000000,NaN,"ns/op",1024,1,copyout,1024
"com.evolvedbinary.jnibench.jmhbench.GetFFMBenchmarkJava25.getIntoMemorySegment","sample",1,741147,420.830213,1.683385,"ns/op",1024,1,copyout,4096
"com.evolvedbinary.jnibench.jmhbench.GetFFMBenchmarkJava25.getIntoMemorySegment:getIntoMemorySegment·p0.00","sample",1,1,209.000000,NaN,"ns/op",1024,1,copyout,4096
"com.evolvedbinary.jnibench.jmhbench.GetFFMBenchmarkJava25.getIntoMemorySegment:getIntoMemorySegment·p0.50","sample",1,1,375.000000,NaN,"ns/op",1024,1,copyout,4096
"com.evolvedbinary.jnibench.jmhbench.GetFFMBenchmarkJava25.getIntoMemorySegment:getIntoMemorySegment·p0.90","sample",1,1,500.000000,NaN,"ns/op",1024,1,copyout,4096
"com.evolvedbinary.jnibench.jmhbench.GetFFMBenchmarkJava25.getIntoMemorySegment:getIntoMemorySegment·p0.95","sample",1,1,625.000000,NaN,"ns/op",1024,1,copyout,4096
"com.evolvedbinary.jnibench.jmhbench.GetFFMBenchmarkJava25.getIntoMemorySegment:getIntoMemorySegment·p0.99","sample",1,1,833.000000,NaN,"ns/op",1024,1,copyout,4096
"com.evolvedbinary.jnibench.jmhbench.GetFFMBenchmarkJava25.getIntoMemorySegment:getIntoMemorySegment·p0.999","sample",1,1,5160.000000,NaN,"ns/op",1024,1,copyout,4096
"com.evolvedbinary.jnibench.jmhbench.GetFFMBenchmarkJava25.getIntoMemorySegment:getIntoMemorySegment·p0.9999","sample",1,1,17600.000000,NaN,"ns/op",1024,1,copyout,4096
"com.evolvedbinary.jnibench.jmhbench.GetFFMBenchmarkJava25.getIntoMemorySegment:getIntoMemorySegment·p1.00","sample",1,1,117632.000000,NaN,"ns/op",1024,1,copyout,4096
"com.evolvedbinary.jnibench.jmhbench.GetFFMBenchmarkJava25.getIntoMemorySegment","sample",1,650334,1239.938135,8.925221,"ns/op",1024,1,copyout,16384
"com.evolvedbinary.jnibench.jmhbench.GetFFMBenchmarkJava25.getIntoMemorySegment:getIntoMemorySegment·p0.00","sample",1,1,833.000000,NaN,"ns/op",1024,1,copyout,16384
"com.evolvedbinary.jnibench.jmhbench.GetFFMBenchmarkJava25.getIntoMemorySegment:getIntoMemorySegment·p0.50","sample",1,1,1208.000000,NaN,"ns/op",1024,1,copyout,16384
"com.evolvedbinary.jnibench.jmhbench.GetFFMBenchmarkJava25.getIntoMemorySegment:getIntoMemorySegment·p0.90","sample",1,1,1374.000000,NaN,"ns/op",1024,1,copyout,16384
"com.evolvedbinary.jnibench.jmhbench.GetFFMBenchmarkJava25.getIntoMemorySegment:getIntoMemorySegment·p0.95","sample",1,1,1458.000000,NaN,"ns/op",1024,1,copyout,16384
"com.evolvedbinary.jnibench.jmhbench.GetFFMBenchmarkJava25.getIntoMemorySegment:getIntoMemorySegment·p0.99","sample",1,1,1958.000000,NaN,"ns/op",1024,1,copyout,16384
"com.evolvedbinary.jnibench.jmhbench.GetFFMBenchmarkJava25.getIntoMemorySegment:getIntoMemorySegment·p0.999","sample",1,1,10437.280000,NaN,"ns/op",1024,1,copyout,16384
"com.evolvedbinary.jnibench.jmhbench.GetFFMBenchmarkJava25.getIntoMemorySegment:getIntoMemorySegment·p0.9999","sample",1,1,22365.856000,NaN,"ns/op",1024,1,copyout,16384
"com.evolvedbinary.jnibench.jmhbench.GetFFMBenchmarkJava25.getIntoMemorySegment:getIntoMemorySegment·p1.00","sample",1,1,1648640.000000,NaN,"ns/op",1024,1,copyout,16384
"com.evolvedbinary.jnibench.jmhbench.GetFFMBenchmarkJava25.getIntoMemorySegment","sample",1,671095,4697.739044,3.246524,"ns/op",1024,1,copyout,65536
"com.evolvedbinary.jnibench.jmhbench.GetFFMBenchmarkJava25.getIntoMemorySegment:getIntoMemorySegment·p0.00","sample",1,1,4248.000000,NaN,"ns/op",1024,1,copyout,65536
"com.evolvedbinary.jnibench.jmhbench.GetFFMBenchmarkJava25.getIntoMemorySegment:getIntoMemorySegment·p0.50","sample",1,1,4624.000000,NaN,"ns/op",1024,1,copyout,65536
"com.evolvedbinary.jnibench.jmhbench.GetFFMBenchmarkJava25.getIntoMemorySegment:getIntoMemorySegment·p0.90","sample",1,1,4744.000000,NaN,"ns/op",1024,1,copyout,65536
"com.evolvedbinary.jnibench.jmhbench.GetFFMBenchmarkJava25.getIntoMemorySegment:getIntoMemorySegment·p0.95","sample",1,1,4872.000000,NaN,"ns/op",1024,1,copyout,65536
"com.evolvedbinary.jnibench.jmhbench.GetFFMBenchmarkJava25.getIntoMemorySegment:getIntoMemorySegment·p0.99","sample",1,1,5952.000000,NaN,"ns/op",1024,1,copyout,65536
"com.evolvedbinary.jnibench.jmhbench.GetFFMBenchmarkJava25.getIntoMemorySegment:getIntoMemorySegment·p0.999","sample",1,1,16832.000000,NaN,"ns/op",1024,1,copyout,65536
"com.evolvedbinary.jnibench.jmhbench.GetFFMBenchmarkJava25.getIntoMemorySegment:getIntoMemorySegment·p0.9999","sample",1,1,30417.971200,NaN,"ns/op",1024,1,copyout,65536
"com.evolvedbinary.jnibench.jmhbench.GetFFMBenchmarkJava25.getIntoMemorySegment:getIntoMemorySegment·p1.00","sample",1,1,95104.000000,NaN,"ns/op",1024,1,copyout,65536
"com.evolvedbinary.jnibench.jmhbench.GetJNIBenchmark.getIntoByteArraySetRegion","sample",1,771311,529.215484,1.860358,"ns/op",1024,1,none,50
"com.evolvedbinary.jnibench.jmhbench.GetJNIBenchmark.getIntoByteArraySetRegion:getIntoByteArraySetRegion·p0.00","sample",1,1,334.000000,NaN,"ns/op",1024,1,none,50
"com.evolvedbinary.jnibench.jmhbench.GetJNIBenchmark.getIntoByteArraySetRegion:getIntoByteArraySetRegion·p0.50","sample",1,1,500.000000,NaN,"ns/op",1024,1,none,50
"com.evolvedbinary.jnibench.jmhbench.GetJNIBenchmark.getIntoByteArraySetRegion:getIntoByteArraySetRegion·p0.90","sample",1,1,542.000000,NaN,"ns/op",1024,1,none,50
"com.evolvedbinary.jnibench.jmhbench.GetJNIBenchmark.getIntoByteArraySetRegion:getIntoByteArraySetRegion·p0.95","sample",1,1,542.000000,NaN,"ns/op",1024,1,none,50
"com.evolvedbinary.jnibench.jmhbench.GetJNIBenchmark.getIntoByteArraySetRegion:getIntoByteArraySetRegion·p0.99","sample",1,1,625.000000,NaN,"ns/op",1024,1,none,50
"com.evolvedbinary.jnibench.jmhbench.GetJNIBenchmark.getIntoByteArraySetRegion:getIntoByteArraySetRegion·p0.999","sample",1,1,5456.000000,NaN,"ns/op",1024,1,none,50
"com.evolvedbinary.jnibench.jmhbench.GetJNIBenchmark.getIntoByteArraySetRegion:getIntoByteArraySetRegion·p0.9999","sample",1,1,19998.412800,NaN,"ns/op",1024,1,none,50
"com.evolvedbinary.jnibench.jmhbench.GetJNIBenchmark.getIntoByteArraySetRegion:getIntoByteArraySetRegion·p1.00","sample",1,1,185344.000000,NaN,"ns/op",1024,1,none,50
"com.evolvedbinary.jnibench.jmhbench.GetJNIBenchmark.getIntoByteArraySetRegion","sample",1,683798,595.297350,1.872698,"ns/op",1024,1,none,1024
"com.evolvedbinary.jnibench.jmhbench.GetJNIBenchmark.getIntoByteArraySetRegion:getIntoByteArraySetRegion·p0.00","sample",1,1,375.000000,NaN,"ns/op",1024,1,none,1024
"com.evolvedbinary.jnibench.jmhbench.GetJNIBenchmark.getIntoByteArraySetRegion:getIntoByteArraySetRegion·p0.50","sample",1,1,583.000000,NaN,"ns/op",1024,1,none,1024
"com.evolvedbinary.jnibench.jmhbench.GetJNIBenchmark.getIntoByteArraySetRegion:getIntoByteArraySetRegion·p0.90","sample",1,1,584.000000,NaN,"ns/op",1024,1,none,1024
"com.evolvedbinary.jnibench.jmhbench.GetJNIBenchmark.getIntoByteArraySetRegion:getIntoByteArraySetRegion·p0.95","sample",1,1,625.000000,NaN,"ns/op",1024,1,none,1024
"com.evolvedbinary.jnibench.jmhbench.GetJNIBenchmark.getIntoByteArraySetRegion:getIntoByteArraySetRegion·p0.99","sample",1,1,708.000000,NaN,"ns/op",1024,1,none,1024
"com.evolvedbinary.jnibench.jmhbench.GetJNIBenchmark.getIntoByteArraySetRegion:getIntoByteArraySetRegion·p0.999","sample",1,1,5632.040000,NaN,"ns/op",1024,1,none,1024
"com.evolvedbinary.jnibench.jmhbench.GetJNIBenchmark.getIntoByteArraySetRegion:getIntoByteArraySetRegion·p0.9999","sample",1,1,22515.843200,NaN,"ns/op",1024,1,none,1024
"com.evolvedbinary.jnibench.jmhbench.GetJNIBenchmark.getIntoByteArraySetRegion:getIntoByteArraySetRegion·p1.00","sample",1,1,62784.000000,NaN,"ns/op",1024,1,none,1024
"com.evolvedbinary.jnibench.jmhbench.GetJNIBenchmark.getIntoByteArraySetRegion","sample",1,906976,857.601498,2.607029,"ns/op",1024,1,none,4096
"com.evolvedbinary.jnibench.jmhbench.GetJNIBenchmark.getIntoByteArraySetRegion:getIntoByteArraySetRegion·p0.00","sample",1,1,584.000000,NaN,"ns/op",1024,1,none,4096
"com.evolvedbinary.jnibench.jmhbench.GetJNIBenchmark.getIntoByteArraySetRegion:getIntoByteArraySetRegion·p0.50","sample",1,1,792.000000,NaN,"ns/op",1024,1,none,4096
"com.evolvedbinary.jnibench.jmhbench.GetJNIBenchmark.getIntoByteArraySetRegion:getIntoByteArraySetRegion·p0.90","sample",1,1,958.000000,NaN,"ns/op",1024,1,none,4096
"com.evolvedbinary.jnibench.jmhbench.GetJNIBenchmark.getIntoByteArraySetRegion:getIntoByteArraySetRegion·p0.95","sample",1,1,1042.000000,NaN,"ns/op",1024,1,none,4096
"com.evolvedbinary.jnibench.jmhbench.GetJNIBenchmark.getIntoByteArraySetRegion:getIntoByteArraySetRegion·p0.99","sample",1,1,1124.000000,NaN,"ns/op",1024,1,none,4096
"com.evolvedbinary.jnibench.jmhbench.GetJNIBenchmark.getIntoByteArraySetRegion:getIntoByteArraySetRegion·p0.999","sample",1,1,9568.000000,NaN,"ns/op",1024,1,none,4096
"com.evolvedbinary.jnibench.jmhbench.GetJNIBenchmark.getIntoByteArraySetRegion:getIntoByteArraySetRegion·p0.9999","sample",1,1,30714.041600,NaN,"ns/op",1024,1,none,4096
"com.evolvedbinary.jnibench.jmhbench.GetJNIBenchmark.getIntoByteArraySetRegion:getIntoByteArraySetRegion·p1.00","sample",1,1,217856.000000,NaN,"ns/op",1024,1,none,4096
"com.evolvedbinary.jnibench.jmhbench.GetJNIBenchmark.getIntoByteArraySetRegion","sample",1,791357,2016.586944,4.884845,"ns/op",1024,1,none,16384
"com.evolvedbinary.jnibench.jmhbench.GetJNIBenchmark.getIntoByteArraySetRegion:getIntoByteArraySetRegion·p0.00","sample",1,1,1458.000000,NaN,"ns/op",1024,1,none,16384
"com.evolvedbinary.jnibench.jmhbench.GetJNIBenchmark.getIntoByteArraySetRegion:getIntoByteArraySetRegion·p0.50","sample",1,1,1790.000000,NaN,"ns/op",1024,1,none,16384
"com.evolvedbinary.jnibench.jmhbench.GetJNIBenchmark.getIntoByteArraySetRegion:getIntoByteArraySetRegion·p0.90","sample",1,1,2624.000000,NaN,"ns/op",1024,1,none,16384
"com.evolvedbinary.jnibench.jmhbench.GetJNIBenchmark.getIntoByteArraySetRegion:getIntoByteArraySetRegion·p0.95","sample",1,1,2708.000000,NaN,"ns/op",1024,1,none,16384
"com.evolvedbinary.jnibench.jmhbench.GetJNIBenchmark.getIntoByteArraySetRegion:getIntoByteArraySetRegion·p0.99","sample",1,1,2872.000000,NaN,"ns/op",1024,1,none,16384
"com.evolvedbinary.jnibench.jmhbench.GetJNIBenchmark.getIntoByteArraySetRegion:getIntoByteArraySetRegion·p0.999","sample",1,1,15328.000000,NaN,"ns/op",1024,1,none,16384
"com.evolvedbinary.jnibench.jmhbench.GetJNIBenchmark.getIntoByteArraySetRegion:getIntoByteArraySetRegion·p0.9999","sample",1,1,30616.889600,NaN,"ns/op",1024,1,none,16384
"com.evolvedbinary.jnibench.jmhbench.GetJNIBenchmark.getIntoByteArraySetRegion:getIntoByteArraySetRegion·p1.00","sample",1,1,834560.000000,NaN,"ns/op",1024,1,none,16384
"com.evolvedbinary.jnibench.jmhbench.GetJNIBenchmark.getIntoByteArraySetRegion","sample",1,713933,9174.641004,22.684628,"ns/op",1024,1,none,65536
"com.evolvedbinary.jnibench.jmhbench.GetJNIBenchmark.getIntoByteArraySetRegion:getIntoByteArraySetRegion·p0.00","sample",1,1,6912.000000,NaN,"ns/op",1024,1,none,65536
"com.evolvedbinary.jnibench.jmhbench.GetJNIBenchmark.getIntoByteArraySetRegion:getIntoByteArraySetRegion·p0.50","sample",1,1,8368.000000,NaN,"ns/op",1024,1,none,65536
"com.evolvedbinary.jnibench.jmhbench.GetJNIBenchmark.getIntoByteArraySetRegion:getIntoByteArraySetRegion·p0.90","sample",1,1,9200.000000,NaN,"ns/op",1024,1,none,65536
"com.evolvedbinary.jnibench.jmhbench.GetJNIBenchmark.getIntoByteArraySetRegion:getIntoByteArraySetRegion·p0.95","sample",1,1,10704.000000,NaN,"ns/op",1024,1,none,65536
"com.evolvedbinary.jnibench.jmhbench.GetJNIBenchmark.getIntoByteArraySetRegion:getIntoByteArraySetRegion·p0.99","sample",1,1,33344.000000,NaN,"ns/op",1024,1,none,65536
"com.evolvedbinary.jnibench.jmhbench.GetJNIBenchmark.getIntoByteArraySetRegion:getIntoByteArraySetRegion·p0.999","sample",1,1,37380.224000,NaN,"ns/op",1024,1,none,65536
"com.evolvedbinary.jnibench.jmhbench.GetJNIBenchmark.getIntoByteArraySetRegion:getIntoByteArraySetRegion·p0.9999","sample",1,1,54043.289600,NaN,"ns/op",1024,1,none,65536
"com.evolvedbinary.jnibench.jmhbench.GetJNIBenchmark.getIntoByteArraySetRegion:getIntoByteArraySetRegion·p1.00","sample",1,1,1978368.000000,NaN,"ns/op",1024,1,none,65536
"com.evolvedbinary.jnibench.jmhbench.GetJNIBenchmark.getIntoByteArraySetRegion","sample",1,719251,576.855814,9.353926,"ns/op",1024,1,copyout,50
"com.evolvedbinary.jnibench.jmhbench.GetJNIBenchmark.getIntoByteArraySetRegion:getIntoByteArraySetRegion·p0.00","sample",1,1,333.000000,NaN,"ns/op",1024,1,copyout,50
"com.evolvedbinary.jnibench.jmhbench.GetJNIBenchmark.getIntoByteArraySetRegion:getIntoByteArraySetRegion·p0.50","sample",1,1,542.000000,NaN,"ns/op",1024,1,copyout,50
"com.evolvedbinary.jnibench.jmhbench.GetJNIBenchmark.getIntoByteArraySetRegion:getIntoByteArraySetRegion·p0.90","sample",1,1,625.000000,NaN,"ns/op",1024,1,copyout,50
"com.evolvedbinary.jnibench.jmhbench.GetJNIBenchmark.getIntoByteArraySetRegion:getIntoByteArraySetRegion·p0.95","sample",1,1,625.000000,NaN,"ns/op",1024,1,copyout,50
"com.evolvedbinary.jnibench.jmhbench.GetJNIBenchmark.getIntoByteArraySetRegion:getIntoByteArraySetRegion·p0.99","sample",1,1,750.000000,NaN,"ns/op",1024,1,copyout,50
"com.evolvedbinary.jnibench.jmhbench.GetJNIBenchmark.getIntoByteArraySetRegion:getIntoByteArraySetRegion·p0.999","sample",1,1,10000.000000,NaN,"ns/op",1024,1,copyout,50
"com.evolvedbinary.jnibench.jmhbench.GetJNIBenchmark.getIntoByteArraySetRegion:getIntoByteArraySetRegion·p0.9999","sample",1,1,32884.659200,NaN,"ns/op",1024,1,copyout,50
"com.evolvedbinary.jnibench.jmhbench.GetJNIBenchmark.getIntoByteArraySetRegion:getIntoByteArraySetRegion·p1.00","sample",1,1,1282048.000000,NaN,"ns/op",1024,1,copyout,50
"com.evolvedbinary.jnibench.jmhbench.GetJNIBenchmark.getIntoByteArraySetRegion","sample",1,588448,701.328534,3.281138,"ns/op",1024,1,copyout,1024
"com.evolvedbinary.jnibench.jmhbench.GetJNIBenchmark.getIntoByteArraySetRegion:getIntoByteArraySetRegion·p0.00","sample",1,1,375.000000,NaN,"ns/op",1024,1,copyout,1024
"com.evolvedbinary.jnibench.jmhbench.GetJNIBenchmark.getIntoByteArraySetRegion:getIntoByteArraySetRegion·p0.50","sample",1,1,625.000000,NaN,"ns/op",1024,1,copyout,1024
"com.evolvedbinary.jnibench.jmhbench.GetJNIBenchmark.getIntoByteArraySetRegion:getIntoByteArraySetRegion·p0.90","sample",1,1,750.000000,NaN,"ns/op",1024,1,copyout,1024
"com.evolvedbinary.jnibench.jmhbench.GetJNIBenchmark.getIntoByteArraySetRegion:getIntoByteArraySetRegion·p0.95","sample",1,1,792.000000,NaN,"ns/op",1024,1,copyout,1024
"com.evolvedbinary.jnibench.jmhbench.GetJNIBenchmark.getIntoByteArraySetRegion:getIntoByteArraySetRegion·p0.99","sample",1,1,1166.000000,NaN,"ns/op",1024,1,copyout,1024
"com.evolvedbinary.jnibench.jmhbench.GetJNIBenchmark.getIntoByteArraySetRegion:getIntoByteArraySetRegion·p0.999","sample",1,1,11696.000000,NaN,"ns/op",1024,1,copyout,1024
"com.evolvedbinary.jnibench.jmhbench.GetJNIBenchmark.getIntoByteArraySetRegion:getIntoByteArraySetRegion·p0.9999","sample",1,1,30931.852800,NaN,"ns/op",1024,1,copyout,1024
"com.evolvedbinary.jnibench.jmhbench.GetJNIBenchmark.getIntoByteArraySetRegion:getIntoByteArraySetRegion·p1.00","sample",1,1,104576.000000,NaN,"ns/op",1024,1,copyout,1024
"com.evolvedbinary.jnibench.jmhbench.GetJNIBenchmark.getIntoByteArraySetRegion","sample",1,800807,1015.776623,5.569209,"ns/op",1024,1,copyout,4096
"com.evolvedbinary.jnibench.jmhbench.GetJNIBenchmark.getIntoByteArraySetRegion:getIntoByteArraySetRegion·p0.00","sample",1,1,708.000000,NaN,"ns/op",1024,1,copyout,4096
"com.evolvedbinary.jnibench.jmhbench.GetJNIBenchmark.getIntoByteArraySetRegion:getIntoByteArraySetRegion·p0.50","sample",1,1,917.000000,NaN,"ns/op",1024,1,copyout,4096
"com.evolvedbinary.jnibench.jmhbench.GetJNIBenchmark.getIntoByteArraySetRegion:getIntoByteArraySetRegion·p0.90","sample",1,1,1124.000000,NaN,"ns/op",1024,1,copyout,4096
"com.evolvedbinary.jnibench.jmhbench.GetJNIBenchmark.getIntoByteArraySetRegion:getIntoByteArraySetRegion·p0.95","sample",1,1,1208.000000,NaN,"ns/op",1024,1,copyout,4096
"com.evolvedbinary.jnibench.jmhbench.GetJNIBenchmark.getIntoByteArraySetRegion:getIntoByteArraySetRegion·p0.99","sample",1,1,1540.000000,NaN,"ns/op",1024,1,copyout,4096
"com.evolvedbinary.jnibench.jmhbench.GetJNIBenchmark.getIntoByteArraySetRegion:getIntoByteArraySetRegion·p0.999","sample",1,1,11878.144000,NaN,"ns/op",1024,1,copyout,4096
"com.evolvedbinary.jnibench.jmhbench.GetJNIBenchmark.getIntoByteArraySetRegion:getIntoByteArraySetRegion·p0.9999","sample",1,1,34726.144000,NaN,"ns/op",1024,1,copyout,4096
"com.evolvedbinary.jnibench.jmhbench.GetJNIBenchmark.getIntoByteArraySetRegion:getIntoByteArraySetRegion·p1.00","sample",1,1,1081344.000000,NaN,"ns/op",1024,1,copyout,4096
"com.evolvedbinary.jnibench.jmhbench.GetJNIBenchmark.getIntoByteArraySetRegion","sample",1,756233,2119.842675,14.123193,"ns/op",1024,1,copyout,16384
"com.evolvedbinary.jnibench.jmhbench.GetJNIBenchmark.getIntoByteArraySetRegion:getIntoByteArraySetRegion·p0.00","sample",1,1,1708.000000,NaN,"ns/op",1024,1,copyout,16384
"com.evolvedbinary.jnibench.jmhbench.GetJNIBenchmark.getIntoByteArraySetRegion:getIntoByteArraySetRegion·p0.50","sample",1,1,2042.000000,NaN,"ns/op",1024,1,copyout,16384
"com.evolvedbinary.jnibench.jmhbench.GetJNIBenchmark.getIntoByteArraySetRegion:getIntoByteArraySetRegion·p0.90","sample",1,1,2248.000000,NaN,"ns/op",1024,1,copyout,16384
"com.evolvedbinary.jnibench.jmhbench.GetJNIBenchmark.getIntoByteArraySetRegion:getIntoByteArraySetRegion·p0.95","sample",1,1,2372.000000,NaN,"ns/op",1024,1,copyout,16384
"com.evolvedbinary.jnibench.jmhbench.GetJNIBenchmark.getIntoByteArraySetRegion:getIntoByteArraySetRegion·p0.99","sample",1,1,2832.000000,NaN,"ns/op",1024,1,copyout,16384
"com.evolvedbinary.jnibench.jmhbench.GetJNIBenchmark.getIntoByteArraySetRegion:getIntoByteArraySetRegion·p0.999","sample",1,1,14576.000000,NaN,"ns/op",1024,1,copyout,16384
"com.evolvedbinary.jnibench.jmhbench.GetJNIBenchmark.getIntoByteArraySetRegion:getIntoByteArraySetRegion·p0.9999","sample",1,1,33104.614400,NaN,"ns/op",1024,1,copyout,16384
"com.evolvedbinary.jnibench.jmhbench.GetJNIBenchmark.getIntoByteArraySetRegion:getIntoByteArraySetRegion·p1.00","sample",1,1,1660928.000000,NaN,"ns/op",1024,1,copyout,16384
"com.evolvedbinary.jnibench.jmhbench.GetJNIBenchmark.getIntoByteArraySetRegion","sample",1,579512,10892.453954,9.467097,"ns/op",1024,1,copyout,65536
"com.evolvedbinary.jnibench.jmhbench.GetJNIBenchmark.getIntoByteArraySetRegion:getIntoByteArraySetRegion·p0.00","sample",1,1,9152.000000,NaN,"ns/op",1024,1,copyout,65536
"com.evolvedbinary.jnibench.jmhbench.GetJNIBenchmark.getIntoByteArraySetRegion:getIntoByteArraySetRegion·p0.50","sample",1,1,10704.000000,NaN,"ns/op",1024,1,copyout,65536
"com.evolvedbinary.jnibench.jmhbench.GetJNIBenchmark.getIntoByteArraySetRegion:getIntoByteArraySetRegion·p0.90","sample",1,1,11360.000000,NaN,"ns/op",1024,1,copyout,65536
"com.evolvedbinary.jnibench.jmhbench.GetJNIBenchmark.getIntoByteArraySetRegion:getIntoByteArraySetRegion·p0.95","sample",1,1,11696.000000,NaN,"ns/op",1024,1,copyout,65536
"com.evolvedbinary.jnibench.jmhbench.GetJNIBenchmark.getIntoByteArraySetRegion:getIntoByteArraySetRegion·p0.99","sample",1,1,14736.000000,NaN,"ns/op",1024,1,copyout,65536
"com.evolvedbinary.jnibench.jmhbench.GetJNIBenchmark.getIntoByteArraySetRegion:getIntoByteArraySetRegion·p0.999","sample",1,1,34240.000000,NaN,"ns/op",1024,1,copyout,65536
"com.evolvedbinary.jnibench.jmhbench.GetJNIBenchmark.getIntoByteArraySetRegion:getIntoByteArraySetRegion·p0.9999","sample",1,1,80768.000000,NaN,"ns/op",1024,1,copyout,65536
"com.evolvedbinary.jnibench.jmhbench.GetJNIBenchmark.getIntoByteArraySetRegion:getIntoByteArraySetRegion·p1.00","sample",1,1,461824.000000,NaN,"ns/op",1024,1,copyout,65536
"com.evolvedbinary.jnibench.jmhbench.GetJNIBenchmark.getIntoDirectByteBuffer","sample",1,601471,681.458010,4.516031,"ns/op",1024,1,none,50
"com.evolvedbinary.jnibench.jmhbench.GetJNIBenchmark.getIntoDirectByteBuffer:getIntoDirectByteBuffer·p0.00","sample",1,1,500.000000,NaN,"ns/op",1024,1,none,50
"com.evolvedbinary.jnibench.jmhbench.GetJNIBenchmark.getIntoDirectByteBuffer:getIntoDirectByteBuffer·p0.50","sample",1,1,666.000000,NaN,"ns/op",1024,1,none,50
"com.evolvedbinary.jnibench.jmhbench.GetJNIBenchmark.getIntoDirectByteBuffer:getIntoDirectByteBuffer·p0.90","sample",1,1,667.000000,NaN,"ns/op",1024,1,none,50
"com.evolvedbinary.jnibench.jmhbench.GetJNIBenchmark.getIntoDirectByteBuffer:getIntoDirectByteBuffer·p0.95","sample",1,1,708.000000,NaN,"ns/op",1024,1,none,50
"com.evolvedbinary.jnibench.jmhbench.GetJNIBenchmark.getIntoDirectByteBuffer:getIntoDirectByteBuffer·p0.99","sample",1,1,792.000000,NaN,"ns/op",1024,1,none,50
"com.evolvedbinary.jnibench.jmhbench.GetJNIBenchmark.getIntoDirectByteBuffer:getIntoDirectByteBuffer·p0.999","sample",1,1,8345.344000,NaN,"ns/op",1024,1,none,50
"com.evolvedbinary.jnibench.jmhbench.GetJNIBenchmark.getIntoDirectByteBuffer:getIntoDirectByteBuffer·p0.9999","sample",1,1,25969.868800,NaN,"ns/op",1024,1,none,50
"com.evolvedbinary.jnibench.jmhbench.GetJNIBenchmark.getIntoDirectByteBuffer:getIntoDirectByteBuffer·p1.00","sample",1,1,575488.000000,NaN,"ns/op",1024,1,none,50
"com.evolvedbinary.jnibench.jmhbench.GetJNIBenchmark.getIntoDirectByteBuffer","sample",1,549235,737.972232,2.469144,"ns/op",1024,1,none,1024
"com.evolvedbinary.jnibench.jmhbench.GetJNIBenchmark.getIntoDirectByteBuffer:getIntoDirectByteBuffer·p0.00","sample",1,1,500.000000,NaN,"ns/op",1024,1,none,1024
"com.evolvedbinary.jnibench.jmhbench.GetJNIBenchmark.getIntoDirectByteBuffer:getIntoDirectByteBuffer·p0.50","sample",1,1,708.000000,NaN,"ns/op",1024,1,none,1024
"com.evolvedbinary.jnibench.jmhbench.GetJNIBenchmark.getIntoDirectByteBuffer:getIntoDirectByteBuffer·p0.90","sample",1,1,750.000000,NaN,"ns/op",1024,1,none,1024
"com.evolvedbinary.jnibench.jmhbench.GetJNIBenchmark.getIntoDirectByteBuffer:getIntoDirectByteBuffer·p0.95","sample",1,1,750.000000,NaN,"ns/op",1024,1,none,1024
"com.evolvedbinary.jnibench.jmhbench.GetJNIBenchmark.getIntoDirectByteBuffer:getIntoDirectByteBuffer·p0.99","sample",1,1,875.000000,NaN,"ns/op",1024,1,none,1024
"com.evolvedbinary.jnibench.jmhbench.GetJNIBenchmark.getIntoDirectByteBuffer:getIntoDirectByteBuffer·p0.999","sample",1,1,5496.000000,NaN,"ns/op",1024,1,none,1024
"com.evolvedbinary.jnibench.jmhbench.GetJNIBenchmark.getIntoDirectByteBuffer:getIntoDirectByteBuffer·p0.9999","sample",1,1,22628.889600,NaN,"ns/op",1024,1,none,1024
"com.evolvedbinary.jnibench.jmhbench.GetJNIBenchmark.getIntoDirectByteBuffer:getIntoDirectByteBuffer·p1.00","sample",1,1,136448.000000,NaN,"ns/op",1024,1,none,1024
"com.evolvedbinary.jnibench.jmhbench.GetJNIBenchmark.getIntoDirectByteBuffer","sample",1,840013,960.867285,2.386527,"ns/op",1024,1,none,4096
"com.evolvedbinary.jnibench.jmhbench.GetJNIBenchmark.getIntoDirectByteBuffer:getIntoDirectByteBuffer·p0.00","sample",1,1,583.000000,NaN,"ns/op",1024,1,none,4096
"com.evolvedbinary.jnibench.jmhbench.GetJNIBenchmark.getIntoDirectByteBuffer:getIntoDirectByteBuffer·p0.50","sample",1,1,916.000000,NaN,"ns/op",1024,1,none,4096
"com.evolvedbinary.jnibench.jmhbench.GetJNIBenchmark.getIntoDirectByteBuffer:getIntoDirectByteBuffer·p0.90","sample",1,1,1000.000000,NaN,"ns/op",1024,1,none,4096
"com.evolvedbinary.jnibench.jmhbench.GetJNIBenchmark.getIntoDirectByteBuffer:getIntoDirectByteBuffer·p0.95","sample",1,1,1082.000000,NaN,"ns/op",1024,1,none,4096
"com.evolvedbinary.jnibench.jmhbench.GetJNIBenchmark.getIntoDirectByteBuffer:getIntoDirectByteBuffer·p0.99","sample",1,1,1208.000000,NaN,"ns/op",1024,1,none,4096
"com.evolvedbinary.jnibench.jmhbench.GetJNIBenchmark.getIntoDirectByteBuffer:getIntoDirectByteBuffer·p0.999","sample",1,1,9584.000000,NaN,"ns/op",1024,1,none,4096
"com.evolvedbinary.jnibench.jmhbench.GetJNIBenchmark.getIntoDirectByteBuffer:getIntoDirectByteBuffer·p0.9999","sample",1,1,26719.865600,NaN,"ns/op",1024,1,none,4096
"com.evolvedbinary.jnibench.jmhbench.GetJNIBenchmark.getIntoDirectByteBuffer:getIntoDirectByteBuffer·p1.00","sample",1,1,135168.000000,NaN,"ns/op",1024,1,none,4096
"com.evolvedbinary.jnibench.jmhbench.GetJNIBenchmark.getIntoDirectByteBuffer","sample",1,843997,1881.077459,2.147940,"ns/op",1024,1,none,16384
"com.evolvedbinary.jnibench.jmhbench.GetJNIBenchmark.getIntoDirectByteBuffer:getIntoDirectByteBuffer·p0.00","sample",1,1,1582.000000,NaN,"ns/op",1024,1,none,16384
"com.evolvedbinary.jnibench.jmhbench.GetJNIBenchmark.getIntoDirectByteBuffer:getIntoDirectByteBuffer·p0.50","sample",1,1,1750.000000,NaN,"ns/op",1024,1,none,16384
"com.evolvedbinary.jnibench.jmhbench.GetJNIBenchmark.getIntoDirectByteBuffer:getIntoDirectByteBuffer·p0.90","sample",1,1,2042.000000,NaN,"ns/op",1024,1,none,16384
"com.evolvedbinary.jnibench.jmhbench.GetJNIBenchmark.getIntoDirectByteBuffer:getIntoDirectByteBuffer·p0.95","sample",1,1,2664.000000,NaN,"ns/op",1024,1,none,16384
"com.evolvedbinary.jnibench.jmhbench.GetJNIBenchmark.getIntoDirectByteBuffer:getIntoDirectByteBuffer·p0.99","sample",1,1,2748.000000,NaN,"ns/op",1024,1,none,16384
"com.evolvedbinary.jnibench.jmhbench.GetJNIBenchmark.getIntoDirectByteBuffer:getIntoDirectByteBuffer·p0.999","sample",1,1,9200.000000,NaN,"ns/op",1024,1,none,16384
"com.evolvedbinary.jnibench.jmhbench.GetJNIBenchmark.getIntoDirectByteBuffer:getIntoDirectByteBuffer·p0.9999","sample",1,1,22246.412800,NaN,"ns/op",1024,1,none,16384
"com.evolvedbinary.jnibench.jmhbench.GetJNIBenchmark.getIntoDirectByteBuffer:getIntoDirectByteBuffer·p1.00","sample",1,1,112512.000000,NaN,"ns/op",1024,1,none,16384
"com.evolvedbinary.jnibench.jmhbench.GetJNIBenchmark.getIntoDirectByteBuffer","sample",1,639460,9809.108761,16.025308,"ns/op",1024,1,none,65536
"com.evolvedbinary.jnibench.jmhbench.GetJNIBenchmark.getIntoDirectByteBuffer:getIntoDirectByteBuffer·p0.00","sample",1,1,8496.000000,NaN,"ns/op",1024,1,none,65536
"com.evolvedbinary.jnibench.jmhbench.GetJNIBenchmark.getIntoDirectByteBuffer:getIntoDirectByteBuffer·p0.50","sample",1,1,9664.000000,NaN,"ns/op",1024,1,none,65536
"com.evolvedbinary.jnibench.jmhbench.GetJNIBenchmark.getIntoDirectByteBuffer:getIntoDirectByteBuffer·p0.90","sample",1,1,10368.000000,NaN,"ns/op",1024,1,none,65536
"com.evolvedbinary.jnibench.jmhbench.GetJNIBenchmark.getIntoDirectByteBuffer:getIntoDirectByteBuffer·p0.95","sample",1,1,10704.000000,NaN,"ns/op",1024,1,none,65536
"com.evolvedbinary.jnibench.jmhbench.GetJNIBenchmark.getIntoDirectByteBuffer:getIntoDirectByteBuffer·p0.99","sample",1,1,12496.000000,NaN,"ns/op",1024,1,none,65536
"com.evolvedbinary.jnibench.jmhbench.GetJNIBenchmark.getIntoDirectByteBuffer:getIntoDirectByteBuffer·p0.999","sample",1,1,25888.000000,NaN,"ns/op",1024,1,none,65536
"com.evolvedbinary.jnibench.jmhbench.GetJNIBenchmark.getIntoDirectByteBuffer:getIntoDirectByteBuffer·p0.9999","sample",1,1,37952.000000,NaN,"ns/op",1024,1,none,65536
"com.evolvedbinary.jnibench.jmhbench.GetJNIBenchmark.getIntoDirectByteBuffer:getIntoDirectByteBuffer·p1.00","sample",1,1,2449408.000000,NaN,"ns/op",1024,1,none,65536
"com.evolvedbinary.jnibench.jmhbench.GetJNIBenchmark.getIntoDirectByteBuffer","sample",1,568010,720.545225,2.479709,"ns/op",1024,1,copyout,50
"com.evolvedbinary.jnibench.jmhbench.GetJNIBenchmark.getIntoDirectByteBuffer:getIntoDirectByteBuffer·p0.00","sample",1,1,42.000000,NaN,"ns/op",1024,1,copyout,50
"com.evolvedbinary.jnibench.jmhbench.GetJNIBenchmark.getIntoDirectByteBuffer:getIntoDirectByteBuffer·p0.50","sample",1,1,667.000000,NaN,"ns/op",1024,1,copyout,50
"com.evolvedbinary.jnibench.jmhbench.GetJNIBenchmark.getIntoDirectByteBuffer:getIntoDirectByteBuffer·p0.90","sample",1,1,750.000000,NaN,"ns/op",1024,1,copyout,50
"com.evolvedbinary.jnibench.jmhbench.GetJNIBenchmark.getIntoDirectByteBuffer:getIntoDirectByteBuffer·p0.95","sample",1,1,792.000000,NaN,"ns/op",1024,1,copyout,50
"com.evolvedbinary.jnibench.jmhbench.GetJNIBenchmark.getIntoDirectByteBuffer:getIntoDirectByteBuffer·p0.99","sample",1,1,1082.000000,NaN,"ns/op",1024,1,copyout,50
"com.evolvedbinary.jnibench.jmhbench.GetJNIBenchmark.getIntoDirectByteBuffer:getIntoDirectByteBuffer·p0.999","sample",1,1,8080.000000,NaN,"ns/op",1024,1,copyout,50
"com.evolvedbinary.jnibench.jmhbench.GetJNIBenchmark.getIntoDirectByteBuffer:getIntoDirectByteBuffer·p0.9999","sample",1,1,21331.094400,NaN,"ns/op",1024,1,copyout,50
"com.evolvedbinary.jnibench.jmhbench.GetJNIBenchmark.getIntoDirectByteBuffer:getIntoDirectByteBuffer·p1.00","sample",1,1,65152.000000,NaN,"ns/op",1024,1,copyout,50
"com.evolvedbinary.jnibench.jmhbench.GetJNIBenchmark.getIntoDirectByteBuffer","sample",1,828798,837.718876,2.702652,"ns/op",1024,1,copyout,1024
"com.evolvedbinary.jnibench.jmhbench.GetJNIBenchmark.getIntoDirectByteBuffer:getIntoDirectByteBuffer·p0.00","sample",1,1,458.000000,NaN,"ns/op",1024,1,copyout,1024
"com.evolvedbinary.jnibench.jmhbench.GetJNIBenchmark.getIntoDirectByteBuffer:getIntoDirectByteBuffer·p0.50","sample",1,1,792.000000,NaN,"ns/op",1024,1,copyout,1024
"com.evolvedbinary.jnibench.jmhbench.GetJNIBenchmark.getIntoDirectByteBuffer:getIntoDirectByteBuffer·p0.90","sample",1,1,916.000000,NaN,"ns/op",1024,1,copyout,1024
"com.evolvedbinary.jnibench.jmhbench.GetJNIBenchmark.getIntoDirectByteBuffer:getIntoDirectByteBuffer·p0.95","sample",1,1,1040.000000,NaN,"ns/op",1024,1,copyout,1024
"com.evolvedbinary.jnibench.jmhbench.GetJNIBenchmark.getIntoDirectByteBuffer:getIntoDirectByteBuffer·p0.99","sample",1,1,1208.000000,NaN,"ns/op",1024,1,copyout,1024
"com.evolvedbinary.jnibench.jmhbench.GetJNIBenchmark.getIntoDirectByteBuffer:getIntoDirectByteBuffer·p0.999","sample",1,1,7624.000000,NaN,"ns/op",1024,1,copyout,1024
"com.evolvedbinary.jnibench.jmhbench.GetJNIBenchmark.getIntoDirectByteBuffer:getIntoDirectByteBuffer·p0.9999","sample",1,1,23107.843200,NaN,"ns/op",1024,1,copyout,1024
"com.evolvedbinary.jnibench.jmhbench.GetJNIBenchmark.getIntoDirectByteBuffer:getIntoDirectByteBuffer·p1.00","sample",1,1,387072.000000,NaN,"ns/op",1024,1,copyout,1024
"com.evolvedbinary.jnibench.jmhbench.GetJNIBenchmark.getIntoDirectByteBuffer","sample",1,717592,1151.712757,8.560402,"ns/op",1024,1,copyout,4096
"com.evolvedbinary.jnibench.jmhbench.GetJNIBenchmark.getIntoDirectByteBuffer:getIntoDirectByteBuffer·p0.00","sample",1,1,833.000000,NaN,"ns/op",1024,1,copyout,4096
"com.evolvedbinary.jnibench.jmhbench.GetJNIBenchmark.getIntoDirectByteBuffer:getIntoDirectByteBuffer·p0.50","sample",1,1,1042.000000,NaN,"ns/op",1024,1,copyout,4096
"com.evolvedbinary.jnibench.jmhbench.GetJNIBenchmark.getIntoDirectByteBuffer:getIntoDirectByteBuffer·p0.90","sample",1,1,1166.000000,NaN,"ns/op",1024,1,copyout,4096
"com.evolvedbinary.jnibench.jmhbench.GetJNIBenchmark.getIntoDirectByteBuffer:getIntoDirectByteBuffer·p0.95","sample",1,1,1208.000000,NaN,"ns/op",1024,1,copyout,4096
"com.evolvedbinary.jnibench.jmhbench.GetJNIBenchmark.getIntoDirectByteBuffer:getIntoDirectByteBuffer·p0.99","sample",1,1,1542.000000,NaN,"ns/op",1024,1,copyout,4096
"com.evolvedbinary.jnibench.jmhbench.GetJNIBenchmark.getIntoDirectByteBuffer:getIntoDirectByteBuffer·p0.999","sample",1,1,17344.000000,NaN,"ns/op",1024,1,copyout,4096
"com.evolvedbinary.jnibench.jmhbench.GetJNIBenchmark.getIntoDirectByteBuffer:getIntoDirectByteBuffer·p0.9999","sample",1,1,46620.428800,NaN,"ns/op",1024,1,copyout,4096
"com.evolvedbinary.jnibench.jmhbench.GetJNIBenchmark.getIntoDirectByteBuffer:getIntoDirectByteBuffer·p1.00","sample",1,1,1503232.000000,NaN,"ns/op",1024,1,copyout,4096
"com.evolvedbinary.jnibench.jmhbench.GetJNIBenchmark.getIntoDirectByteBuffer","sample",1,665395,2456.809748,7.399655,"ns/op",1024,1,copyout,16384
"com.evolvedbinary.jnibench.jmhbench.GetJNIBenchmark.getIntoDirectByteBuffer:getIntoDirectByteBuffer·p0.00","sample",1,1,1874.000000,NaN,"ns/op",1024,1,copyout,16384
"com.evolvedbinary.jnibench.jmhbench.GetJNIBenchmark.getIntoDirectByteBuffer:getIntoDirectByteBuffer·p0.50","sample",1,1,2292.000000,NaN,"ns/op",1024,1,copyout,16384
"com.evolvedbinary.jnibench.jmhbench.GetJNIBenchmark.getIntoDirectByteBuffer:getIntoDirectByteBuffer·p0.90","sample",1,1,2456.000000,NaN,"ns/op",1024,1,copyout,16384
"com.evolvedbinary.jnibench.jmhbench.GetJNIBenchmark.getIntoDirectByteBuffer:getIntoDirectByteBuffer·p0.95","sample",1,1,2540.000000,NaN,"ns/op",1024,1,copyout,16384
"com.evolvedbinary.jnibench.jmhbench.GetJNIBenchmark.getIntoDirectByteBuffer:getIntoDirectByteBuffer·p0.99","sample",1,1,6952.000000,NaN,"ns/op",1024,1,copyout,16384
"com.evolvedbinary.jnibench.jmhbench.GetJNIBenchmark.getIntoDirectByteBuffer:getIntoDirectByteBuffer·p0.999","sample",1,1,27808.000000,NaN,"ns/op",1024,1,copyout,16384
"com.evolvedbinary.jnibench.jmhbench.GetJNIBenchmark.getIntoDirectByteBuffer:getIntoDirectByteBuffer·p0.9999","sample",1,1,60912.793600,NaN,"ns/op",1024,1,copyout,16384
"com.evolvedbinary.jnibench.jmhbench.GetJNIBenchmark.getIntoDirectByteBuffer:getIntoDirectByteBuffer·p1.00","sample",1,1,349696.000000,NaN,"ns/op",1024,1,copyout,16384
"com.evolvedbinary.jnibench.jmhbench.GetJNIBenchmark.getIntoDirectByteBuffer","sample",1,555750,11427.363901,43.364873,"ns/op",1024,1,copyout,65536
"com.evolvedbinary.jnibench.jmhbench.GetJNIBenchmark.getIntoDirectByteBuffer:getIntoDirectByteBuffer·p0.00","sample",1,1,9040.000000,NaN,"ns/op",1024,1,copyout,65536
"com.evolvedbinary.jnibench.jmhbench.GetJNIBenchmark.getIntoDirectByteBuffer:getIntoDirectByteBuffer·p0.50","sample",1,1,10944.000000,NaN,"ns/op",1024,1,copyout,65536
"com.evolvedbinary.jnibench.jmhbench.GetJNIBenchmark.getIntoDirectByteBuffer:getIntoDirectByteBuffer·p0.90","sample",1,1,11776.000000,NaN,"ns/op",1024,1,copyout,65536
"com.evolvedbinary.jnibench.jmhbench.GetJNIBenchmark.getIntoDirectByteBuffer:getIntoDirectByteBuffer·p0.95","sample",1,1,12528.000000,NaN,"ns/op",1024,1,copyout,65536
"com.evolvedbinary.jnibench.jmhbench.GetJNIBenchmark.getIntoDirectByteBuffer:getIntoDirectByteBuffer·p0.99","sample",1,1,24448.000000,NaN,"ns/op",1024,1,copyout,65536
"com.evolvedbinary.jnibench.jmhbench.GetJNIBenchmark.getIntoDirectByteBuffer:getIntoDirectByteBuffer·p0.999","sample",1,1,52224.000000,NaN,"ns/op",1024,1,copyout,65536
"com.evolvedbinary.jnibench.jmhbench.GetJNIBenchmark.getIntoDirectByteBuffer:getIntoDirectByteBuffer·p0.9999","sample",1,1,84166.323200,NaN,"ns/op",1024,1,copyout,65536
"com.evolvedbinary.jnibench.jmhbench.GetJNIBenchmark.getIntoDirectByteBuffer:getIntoDirectByteBuffer·p1.00","sample",1,1,5111808.000000,NaN,"ns/op",1024,1,copyout,65536
"com.evolvedbinary.jnibench.jmhbench.GetJNIBenchmark.getIntoNettyByteBuf","sample",1,916287,462.232607,2.916095,"ns/op",1024,1,none,50
"com.evolvedbinary.jnibench.jmhbench.GetJNIBenchmark.getIntoNettyByteBuf:getIntoNettyByteBuf·p0.00","sample",1,1,250.000000,NaN,"ns/op",1024,1,none,50
"com.evolvedbinary.jnibench.jmhbench.GetJNIBenchmark.getIntoNettyByteBuf:getIntoNettyByteBuf·p0.50","sample",1,1,417.000000,NaN,"ns/op",1024,1,none,50
"com.evolvedbinary.jnibench.jmhbench.GetJNIBenchmark.getIntoNettyByteBuf:getIntoNettyByteBuf·p0.90","sample",1,1,458.000000,NaN,"ns/op",1024,1,none,50
"com.evolvedbinary.jnibench.jmhbench.GetJNIBenchmark.getIntoNettyByteBuf:getIntoNettyByteBuf·p0.95","sample",1,1,459.000000,NaN,"ns/op",1024,1,none,50
"com.evolvedbinary.jnibench.jmhbench.GetJNIBenchmark.getIntoNettyByteBuf:getIntoNettyByteBuf·p0.99","sample",1,1,542.000000,NaN,"ns/op",1024,1,none,50
"com.evolvedbinary.jnibench.jmhbench.GetJNIBenchmark.getIntoNettyByteBuf:getIntoNettyByteBuf·p0.999","sample",1,1,11120.000000,NaN,"ns/op",1024,1,none,50
"com.evolvedbinary.jnibench.jmhbench.GetJNIBenchmark.getIntoNettyByteBuf:getIntoNettyByteBuf·p0.9999","sample",1,1,27776.000000,NaN,"ns/op",1024,1,none,50
"com.evolvedbinary.jnibench.jmhbench.GetJNIBenchmark.getIntoNettyByteBuf:getIntoNettyByteBuf·p1.00","sample",1,1,450560.000000,NaN,"ns/op",1024,1,none,50
"com.evolvedbinary.jnibench.jmhbench.GetJNIBenchmark.getIntoNettyByteBuf","sample",1,800998,546.996150,67.951289,"ns/op",1024,1,none,1024
"com.evolvedbinary.jnibench.jmhbench.GetJNIBenchmark.getIntoNettyByteBuf:getIntoNettyByteBuf·p0.00","sample",1,1,291.000000,NaN,"ns/op",1024,1,none,1024
"com.evolvedbinary.jnibench.jmhbench.GetJNIBenchmark.getIntoNettyByteBuf:getIntoNettyByteBuf·p0.50","sample",1,1,500.000000,NaN,"ns/op",1024,1,none,1024
"com.evolvedbinary.jnibench.jmhbench.GetJNIBenchmark.getIntoNettyByteBuf:getIntoNettyByteBuf·p0.90","sample",1,1,500.000000,NaN,"ns/op",1024,1,none,1024
"com.evolvedbinary.jnibench.jmhbench.GetJNIBenchmark.getIntoNettyByteBuf:getIntoNettyByteBuf·p0.95","sample",1,1,500.000000,NaN,"ns/op",1024,1,none,1024
"com.evolvedbinary.jnibench.jmhbench.GetJNIBenchmark.getIntoNettyByteBuf:getIntoNettyByteBuf·p0.99","sample",1,1,625.000000,NaN,"ns/op",1024,1,none,1024
"com.evolvedbinary.jnibench.jmhbench.GetJNIBenchmark.getIntoNettyByteBuf:getIntoNettyByteBuf·p0.999","sample",1,1,12000.000000,NaN,"ns/op",1024,1,none,1024
"com.evolvedbinary.jnibench.jmhbench.GetJNIBenchmark.getIntoNettyByteBuf:getIntoNettyByteBuf·p0.9999","sample",1,1,29980.803200,NaN,"ns/op",1024,1,none,1024
"com.evolvedbinary.jnibench.jmhbench.GetJNIBenchmark.getIntoNettyByteBuf:getIntoNettyByteBuf·p1.00","sample",1,1,16498688.000000,NaN,"ns/op",1024,1,none,1024
"com.evolvedbinary.jnibench.jmhbench.GetJNIBenchmark.getIntoNettyByteBuf","sample",1,566552,761.630064,10.207802,"ns/op",1024,1,none,4096
"com.evolvedbinary.jnibench.jmhbench.GetJNIBenchmark.getIntoNettyByteBuf:getIntoNettyByteBuf·p0.00","sample",1,1,541.000000,NaN,"ns/op",1024,1,none,4096
"com.evolvedbinary.jnibench.jmhbench.GetJNIBenchmark.getIntoNettyByteBuf:getIntoNettyByteBuf·p0.50","sample",1,1,667.000000,NaN,"ns/op",1024,1,none,4096
"com.evolvedbinary.jnibench.jmhbench.GetJNIBenchmark.getIntoNettyByteBuf:getIntoNettyByteBuf·p0.90","sample",1,1,750.000000,NaN,"ns/op",1024,1,none,4096
"com.evolvedbinary.jnibench.jmhbench.GetJNIBenchmark.getIntoNettyByteBuf:getIntoNettyByteBuf·p0.95","sample",1,1,792.000000,NaN,"ns/op",1024,1,none,4096
"com.evolvedbinary.jnibench.jmhbench.GetJNIBenchmark.getIntoNettyByteBuf:getIntoNettyByteBuf·p0.99","sample",1,1,959.000000,NaN,"ns/op",1024,1,none,4096
"com.evolvedbinary.jnibench.jmhbench.GetJNIBenchmark.getIntoNettyByteBuf:getIntoNettyByteBuf·p0.999","sample",1,1,16832.000000,NaN,"ns/op",1024,1,none,4096
"com.evolvedbinary.jnibench.jmhbench.GetJNIBenchmark.getIntoNettyByteBuf:getIntoNettyByteBuf·p0.9999","sample",1,1,39916.121600,NaN,"ns/op",1024,1,none,4096
"com.evolvedbinary.jnibench.jmhbench.GetJNIBenchmark.getIntoNettyByteBuf:getIntoNettyByteBuf·p1.00","sample",1,1,1480704.000000,NaN,"ns/op",1024,1,none,4096
"com.evolvedbinary.jnibench.jmhbench.GetJNIBenchmark.getIntoNettyByteBuf","sample",1,515803,1617.998620,13.167868,"ns/op",1024,1,none,16384
"com.evolvedbinary.jnibench.jmhbench.GetJNIBenchmark.getIntoNettyByteBuf:getIntoNettyByteBuf·p0.00","sample",1,1,1290.000000,NaN,"ns/op",1024,1,none,16384
"com.evolvedbinary.jnibench.jmhbench.GetJNIBenchmark.getIntoNettyByteBuf:getIntoNettyByteBuf·p0.50","sample",1,1,1500.000000,NaN,"ns/op",1024,1,none,16384
"com.evolvedbinary.jnibench.jmhbench.GetJNIBenchmark.getIntoNettyByteBuf:getIntoNettyByteBuf·p0.90","sample",1,1,1542.000000,NaN,"ns/op",1024,1,none,16384
"com.evolvedbinary.jnibench.jmhbench.GetJNIBenchmark.getIntoNettyByteBuf:getIntoNettyByteBuf·p0.95","sample",1,1,1624.000000,NaN,"ns/op",1024,1,none,16384
"com.evolvedbinary.jnibench.jmhbench.GetJNIBenchmark.getIntoNettyByteBuf:getIntoNettyByteBuf·p0.99","sample",1,1,3832.000000,NaN,"ns/op",1024,1,none,16384
"com.evolvedbinary.jnibench.jmhbench.GetJNIBenchmark.getIntoNettyByteBuf:getIntoNettyByteBuf·p0.999","sample",1,1,18208.000000,NaN,"ns/op",1024,1,none,16384
"com.evolvedbinary.jnibench.jmhbench.GetJNIBenchmark.getIntoNettyByteBuf:getIntoNettyByteBuf·p0.9999","sample",1,1,46237.107200,NaN,"ns/op",1024,1,none,16384
"com.evolvedbinary.jnibench.jmhbench.GetJNIBenchmark.getIntoNettyByteBuf:getIntoNettyByteBuf·p1.00","sample",1,1,1064960.000000,NaN,"ns/op",1024,1,none,16384
"com.evolvedbinary.jnibench.jmhbench.GetJNIBenchmark.getIntoNettyByteBuf","sample",1,690676,9119.691456,16.253287,"ns/op",1024,1,none,65536
"com.evolvedbinary.jnibench.jmhbench.GetJNIBenchmark.getIntoNettyByteBuf:getIntoNettyByteBuf·p0.00","sample",1,1,7416.000000,NaN,"ns/op",1024,1,none,65536
"com.evolvedbinary.jnibench.jmhbench.GetJNIBenchmark.getIntoNettyByteBuf:getIntoNettyByteBuf·p0.50","sample",1,1,8912.000000,NaN,"ns/op",1024,1,none,65536
"com.evolvedbinary.jnibench.jmhbench.GetJNIBenchmark.getIntoNettyByteBuf:getIntoNettyByteBuf·p0.90","sample",1,1,9488.000000,NaN,"ns/op",1024,1,none,65536
"com.evolvedbinary.jnibench.jmhbench.GetJNIBenchmark.getIntoNettyByteBuf:getIntoNettyByteBuf·p0.95","sample",1,1,9744.000000,NaN,"ns/op",1024,1,none,65536
"com.evolvedbinary.jnibench.jmhbench.GetJNIBenchmark.getIntoNettyByteBuf:getIntoNettyByteBuf·p0.99","sample",1,1,12624.000000,NaN,"ns/op",1024,1,none,65536
"com.evolvedbinary.jnibench.jmhbench.GetJNIBenchmark.getIntoNettyByteBuf:getIntoNettyByteBuf·p0.999","sample",1,1,33152.000000,NaN,"ns/op",1024,1,none,65536
"com.evolvedbinary.jnibench.jmhbench.GetJNIBenchmark.getIntoNettyByteBuf:getIntoNettyByteBuf·p0.9999","sample",1,1,69332.672000,NaN,"ns/op",1024,1,none,65536
"com.evolvedbinary.jnibench.jmhbench.GetJNIBenchmark.getIntoNettyByteBuf:getIntoNettyByteBuf·p1.00","sample",1,1,2174976.000000,NaN,"ns/op",1024,1,none,65536
"com.evolvedbinary.jnibench.jmhbench.GetJNIBenchmark.getIntoNettyByteBuf","sample",1,807316,507.362153,1.462108,"ns/op",1024,1,copyout,50
"com.evolvedbinary.jnibench.jmhbench.GetJNIBenchmark.getIntoNettyByteBuf:getIntoNettyByteBuf·p0.00","sample",1,1,291.000000,NaN,"ns/op",1024,1,copyout,50
"com.evolvedbinary.jnibench.jmhbench.GetJNIBenchmark.getIntoNettyByteBuf:getIntoNettyByteBuf·p0.50","sample",1,1,459.000000,NaN,"ns/op",1024,1,copyout,50
"com.evolvedbinary.jnibench.jmhbench.GetJNIBenchmark.getIntoNettyByteBuf:getIntoNettyByteBuf·p0.90","sample",1,1,583.000000,NaN,"ns/op",1024,1,copyout,50
"com.evolvedbinary.jnibench.jmhbench.GetJNIBenchmark.getIntoNettyByteBuf:getIntoNettyByteBuf·p0.95","sample",1,1,625.000000,NaN,"ns/op",1024,1,copyout,50
"com.evolvedbinary.jnibench.jmhbench.GetJNIBenchmark.getIntoNettyByteBuf:getIntoNettyByteBuf·p0.99","sample",1,1,917.000000,NaN,"ns/op",1024,1,copyout,50
"com.evolvedbinary.jnibench.jmhbench.GetJNIBenchmark.getIntoNettyByteBuf:getIntoNettyByteBuf·p0.999","sample",1,1,4731.320000,NaN,"ns/op",1024,1,copyout,50
"com.evolvedbinary.jnibench.jmhbench.GetJNIBenchmark.getIntoNettyByteBuf:getIntoNettyByteBuf·p0.9999","sample",1,1,17576.585600,NaN,"ns/op",1024,1,copyout,50
"com.evolvedbinary.jnibench.jmhbench.GetJNIBenchmark.getIntoNettyByteBuf:getIntoNettyByteBuf·p1.00","sample",1,1,61056.000000,NaN,"ns/op",1024,1,copyout,50
"com.evolvedbinary.jnibench.jmhbench.GetJNIBenchmark.getIntoNettyByteBuf","sample",1,923848,865.372190,5.276957,"ns/op",1024,1,copyout,1024
"com.evolvedbinary.jnibench.jmhbench.GetJNIBenchmark.getIntoNettyByteBuf:getIntoNettyByteBuf·p0.00","sample",1,1,625.000000,NaN,"ns/op",1024,1,copyout,1024
"com.evolvedbinary.jnibench.jmhbench.GetJNIBenchmark.getIntoNettyByteBuf:getIntoNettyByteBuf·p0.50","sample",1,1,834.000000,NaN,"ns/op",1024,1,copyout,1024
"com.evolvedbinary.jnibench.jmhbench.GetJNIBenchmark.getIntoNettyByteBuf:getIntoNettyByteBuf·p0.90","sample",1,1,875.000000,NaN,"ns/op",1024,1,copyout,1024
"com.evolvedbinary.jnibench.jmhbench.GetJNIBenchmark.getIntoNettyByteBuf:getIntoNettyByteBuf·p0.95","sample",1,1,916.000000,NaN,"ns/op",1024,1,copyout,1024
"com.evolvedbinary.jnibench.jmhbench.GetJNIBenchmark.getIntoNettyByteBuf:getIntoNettyByteBuf·p0.99","sample",1,1,1042.000000,NaN,"ns/op",1024,1,copyout,1024
"com.evolvedbinary.jnibench.jmhbench.GetJNIBenchmark.getIntoNettyByteBuf:getIntoNettyByteBuf·p0.999","sample",1,1,5160.000000,NaN,"ns/op",1024,1,copyout,1024
"com.evolvedbinary.jnibench.jmhbench.GetJNIBenchmark.getIntoNettyByteBuf:getIntoNettyByteBuf·p0.9999","sample",1,1,17152.000000,NaN,"ns/op",1024,1,copyout,1024
"com.evolvedbinary.jnibench.jmhbench.GetJNIBenchmark.getIntoNettyByteBuf:getIntoNettyByteBuf·p1.00","sample",1,1,1435648.000000,NaN,"ns/op",1024,1,copyout,1024
"com.evolvedbinary.jnibench.jmhbench.GetJNIBenchmark.getIntoNettyByteBuf","sample",1,781532,2033.891019,2.925513,"ns/op",1024,1,copyout,4096
"com.evolvedbinary.jnibench.jmhbench.GetJNIBenchmark.getIntoNettyByteBuf:getIntoNettyByteBuf·p0.00","sample",1,1,1834.000000,NaN,"ns/op",1024,1,copyout,4096
"com.evolvedbinary.jnibench.jmhbench.GetJNIBenchmark.getIntoNettyByteBuf:getIntoNettyByteBuf·p0.50","sample",1,1,2000.000000,NaN,"ns/op",1024,1,copyout,4096
"com.evolvedbinary.jnibench.jmhbench.GetJNIBenchmark.getIntoNettyByteBuf:getIntoNettyByteBuf·p0.90","sample",1,1,2042.000000,NaN,"ns/op",1024,1,copyout,4096
"com.evolvedbinary.jnibench.jmhbench.GetJNIBenchmark.getIntoNettyByteBuf:getIntoNettyByteBuf·p0.95","sample",1,1,2084.000000,NaN,"ns/op",1024,1,copyout,4096
"com.evolvedbinary.jnibench.jmhbench.GetJNIBenchmark.getIntoNettyByteBuf:getIntoNettyByteBuf·p0.99","sample",1,1,2332.000000,NaN,"ns/op",1024,1,copyout,4096
"com.evolvedbinary.jnibench.jmhbench.GetJNIBenchmark.getIntoNettyByteBuf:getIntoNettyByteBuf·p0.999","sample",1,1,11248.000000,NaN,"ns/op",1024,1,copyout,4096
"com.evolvedbinary.jnibench.jmhbench.GetJNIBenchmark.getIntoNettyByteBuf:getIntoNettyByteBuf·p0.9999","sample",1,1,33191.699200,NaN,"ns/op",1024,1,copyout,4096
"com.evolvedbinary.jnibench.jmhbench.GetJNIBenchmark.getIntoNettyByteBuf:getIntoNettyByteBuf·p1.00","sample",1,1,164864.000000,NaN,"ns/op",1024,1,copyout,4096
"com.evolvedbinary.jnibench.jmhbench.GetJNIBenchmark.getIntoNettyByteBuf","sample",1,471814,6722.327544,8.280963,"ns/op",1024,1,copyout,16384
"com.evolvedbinary.jnibench.jmhbench.GetJNIBenchmark.getIntoNettyByteBuf:getIntoNettyByteBuf·p0.00","sample",1,1,6328.000000,NaN,"ns/op",1024,1,copyout,16384
"com.evolvedbinary.jnibench.jmhbench.GetJNIBenchmark.getIntoNettyByteBuf:getIntoNettyByteBuf·p0.50","sample",1,1,6624.000000,NaN,"ns/op",1024,1,copyout,16384
"com.evolvedbinary.jnibench.jmhbench.GetJNIBenchmark.getIntoNettyByteBuf:getIntoNettyByteBuf·p0.90","sample",1,1,6792.000000,NaN,"ns/op",1024,1,copyout,16384
"com.evolvedbinary.jnibench.jmhbench.GetJNIBenchmark.getIntoNettyByteBuf:getIntoNettyByteBuf·p0.95","sample",1,1,7000.000000,NaN,"ns/op",1024,1,copyout,16384
"com.evolvedbinary.jnibench.jmhbench.GetJNIBenchmark.getIntoNettyByteBuf:getIntoNettyByteBuf·p0.99","sample",1,1,8320.000000,NaN,"ns/op",1024,1,copyout,16384
"com.evolvedbinary.jnibench.jmhbench.GetJNIBenchmark.getIntoNettyByteBuf:getIntoNettyByteBuf·p0.999","sample",1,1,23904.000000,NaN,"ns/op",1024,1,copyout,16384
"com.evolvedbinary.jnibench.jmhbench.GetJNIBenchmark.getIntoNettyByteBuf:getIntoNettyByteBuf·p0.9999","sample",1,1,60968.768000,NaN,"ns/op",1024,1,copyout,16384
"com.evolvedbinary.jnibench.jmhbench.GetJNIBenchmark.getIntoNettyByteBuf:getIntoNettyByteBuf·p1.00","sample",1,1,645120.000000,NaN,"ns/op",1024,1,copyout,16384
"com.evolvedbinary.jnibench.jmhbench.GetJNIBenchmark.getIntoNettyByteBuf","sample",1,449058,27977.699380,34.731345,"ns/op",1024,1,copyout,65536
"com.evolvedbinary.jnibench.jmhbench.GetJNIBenchmark.getIntoNettyByteBuf:getIntoNettyByteBuf·p0.00","sample",1,1,27136.000000,NaN,"ns/op",1024,1,copyout,65536
"com.evolvedbinary.jnibench.jmhbench.GetJNIBenchmark.getIntoNettyByteBuf:getIntoNettyByteBuf·p0.50","sample",1,1,27520.000000,NaN,"ns/op",1024,1,copyout,65536
"com.evolvedbinary.jnibench.jmhbench.GetJNIBenchmark.getIntoNettyByteBuf:getIntoNettyByteBuf·p0.90","sample",1,1,28416.000000,NaN,"ns/op",1024,1,copyout,65536
"com.evolvedbinary.jnibench.jmhbench.GetJNIBenchmark.getIntoNettyByteBuf:getIntoNettyByteBuf·p0.95","sample",1,1,29344.000000,NaN,"ns/op",1024,1,copyout,65536
"com.evolvedbinary.jnibench.jmhbench.GetJNIBenchmark.getIntoNettyByteBuf:getIntoNettyByteBuf·p0.99","sample",1,1,32512.000000,NaN,"ns/op",1024,1,copyout,65536
"com.evolvedbinary.jnibench.jmhbench.GetJNIBenchmark.getIntoNettyByteBuf:getIntoNettyByteBuf·p0.999","sample",1,1,51776.000000,NaN,"ns/op",1024,1,copyout,65536
"com.evolvedbinary.jnibench.jmhbench.GetJNIBenchmark.getIntoNettyByteBuf:getIntoNettyByteBuf·p0.9999","sample",1,1,124988.224000,NaN,"ns/op",1024,1,copyout,65536
"com.evolvedbinary.jnibench.jmhbench.GetJNIBenchmark.getIntoNettyByteBuf:getIntoNettyByteBuf·p1.00","sample",1,1,2097152.000000,NaN,"ns/op",1024,1,copyout,65536
